Tanggal,Terakhir,Tertinggi,Terendah,No,Total Import,Total Export,value
2015-01-01,12.665,12.7575,12.41,1,18442.93,20493.1,114250.0
2015-01-02,12.92,12.945,12.5875,2,15919.17,19272.86,115527.0
2015-01-03,13.07,13.248,12.9,3,20588.05,22537.69,111554.0
2015-01-04,12.96,13.0775,12.805,4,15347.61,19614.86,110867.0
2015-01-05,13.223,13.243,12.976,5,21279.59,22325.54,110771.0
2015-01-06,13.33,13.3885,13.192,6,17150.49,20845.05,108030.0
2015-01-07,13.525,13.53,13.28,7,19570.34,22237.31,107553.0
2015-01-08,14.045,14.14,13.4745,8,18879.83,23440.3,105346.0
2015-01-09,14.645,14.74,14.0525,9,17341.61,22055.53,101720.0
2015-01-10,13.675,14.71,13.225,10,18672.91,24421.56,100712.0
2015-01-11,13.83,13.8475,13.43,11,19586.55,23998.17,100240.0
2015-01-12,13.785,14.095,13.555,12,19107.14,22320.71,105931.0
2016-01-01,13.77,13.9875,13.755,13,18442.93,21319.76,102134.0
2016-01-02,13.367,13.825,13.2975,14,15919.17,23413.9,104544.0
2016-01-03,13.255,13.44,12.975,15,20588.05,19280.37,107543.0
2016-01-04,13.18,13.2525,13.085,16,15347.61,21706.53,107711.0
2016-01-05,13.655,13.695,13.14,17,21279.59,20598.95,103591.0
2016-01-06,13.21,13.8,13.14,18,17150.49,20861.29,109789.0
2016-01-07,13.097,13.1925,13.0715,19,19570.34,21996.26,111409.0
2016-01-08,13.265,13.308,13.065,20,18879.83,20744.94,113538.0
2016-01-09,13.047,13.284,12.92,21,17341.61,22144.52,115671.0
2016-01-10,13.047,13.08,12.955,22,18672.91,21995.93,115037.0
2016-01-11,13.55,13.5875,13.03,23,19586.55,22391.28,111466.0
2016-01-12,13.47,13.5925,13.275,24,19107.14,19143.17,116362.0
2017-01-01,13.347,13.4975,13.27,25,18211.1,20489.07,116890.0
2017-01-02,13.331,13.3875,13.29,26,16638.51,26586.73,119863.0
2017-01-03,13.323,13.3975,13.2975,27,21962.42,27316.24,121806.0
2017-01-04,13.327,13.3475,13.2505,28,19757.45,21493.25,123249.0
2017-01-05,13.321,13.42,13.287,29,18609.29,26141.05,124953.0
2017-01-06,13.325,13.3275,13.274,30,21003.85,25473.42,123094.0
2017-01-07,13.324,13.4125,13.2975,31,21345.03,27928.7,127759.0
2017-01-08,13.342,13.3825,13.301,32,22150.55,24764.55,128787.0
2017-01-09,13.47,13.555,13.14,33,19808.34,24726.29,129402.0
2017-01-10,13.56,13.645,13.4575,34,19135.35,24059.11,126547.0
2017-01-11,13.524,13.5965,13.47,35,18962.09,23782.72,125967.0
2017-01-12,13.565,13.595,13.5115,36,19863.06,15300.17,130196.0
2018-01-01,13.387,13.555,13.2675,37,13329.9,15255.4,131980.0
2018-01-02,13.74,13.755,13.39,38,13264.97,18398.41,128059.0
2018-01-03,13.76,13.805,13.7,39,16787.51,18474.13,126003.0
2018-01-04,13.91,13.94,13.74,40,16204.34,16908.02,124862.0
2018-01-05,13.89,14.2125,13.8735,41,14234.82,18547.74,122914.0
2018-01-06,14.325,14.415,13.835,42,17218.46,19369.6,119839.0
2018-01-07,14.415,14.565,14.255,43,15263.12,21443.15,118312.0
2018-01-08,14.725,14.735,14.393,44,16678.89,20618.79,117927.0
2018-01-09,14.9,14.95,14.74,45,16234.15,22090.98,114847.52
2018-01-10,15.2,15.2725,14.89,46,16293.62,22845.36,115163.0
2018-01-11,14.3,15.2115,14.26,47,19328.19,22357.72,117212.0
2018-01-12,14.375,14.655,14.21,48,21352.02,13636.41,120654.0
2019-01-01,13.97,14.4925,13.96,49,14268.72,14042.09,120075.0
2019-01-02,14.06,14.1575,13.8875,50,11548.1,14031.29,123274.0
2019-01-03,14.235,14.34,14.0845,51,13352.18,12159.82,124539.0
2019-01-04,14.245,14.265,13.995,52,12535.23,10452.63,124294.0
2019-01-05,14.27,14.5275,14.205,53,8438.63,12006.81,120347.0
2019-01-06,14.125,14.355,14.08,54,10760.32,13689.9,123823.0
2019-01-07,14.012,14.17,13.8875,55,10464.3,13055.28,125900.0
2019-01-08,14.18,14.36,14.06,56,10742.41,13956.18,126441.0
2019-01-09,14.19,14.2345,13.9175,57,11570.1,14363.44,124332.0
2019-01-10,14.032,14.2175,13.985,58,10786.02,15258.42,126694.0
2019-01-11,14.1,14.1175,13.9675,59,12664.41,16539.56,126633.0
2019-01-12,13.88,14.1335,13.8625,60,14438.38,14028.09,129183.0
2020-01-01,13.65,13.97,13.57,61,15005.19,12788.56,131704.0
2020-01-02,14.34,14.3475,13.6,62,12465.07,14447.79,130444.0
2020-01-03,16.3,16.64,14.095,63,13746.62,13068.07,120969.0
2020-01-04,14.825,16.575,14.8575,64,15399.19,14751.89,127880.0
2020-01-05,14.575,15.1525,14.6075,65,14606.66,11763.35,130544.0
2020-01-06,14.18,14.63,13.85,66,11495.39,15238.42,131718.0
2020-01-07,14.53,14.86,14.245,67,15518.48,14261.96,135077.0
2020-01-08,14.56,14.881,14.465,68,14169.35,14080.11,137041.0
2020-01-09,14.84,14.974,14.535,69,14263.45,14881.46,135153.0
2020-01-10,14.62,14.907,14.6025,70,14759.08,13944.49,133663.0
2020-01-11,14.09,14.7175,13.9925,71,15340.48,14428.82,133556.0
2020-01-12,14.04,14.274,14.05,72,14506.78,14576.28,135897.0
2021-01-01,14.02,14.2175,13.8625,73,15309.43,14132.38,138005.0
2021-01-02,14.24,14.275,13.866,74,14185.49,15510.62,138787.0
2021-01-03,14.52,14.582,14.2325,75,14463.6,14496.24,137095.0
2021-01-04,14.44,14.639,14.4245,76,16162.29,16198.34,138799.0
2021-01-05,14.275,14.48,14.14,77,17662.89,12941.74,136398.0
2021-01-06,14.495,14.56,14.183,78,11267.89,16284.72,137093.0
2021-01-07,14.46,14.5725,14.4345,79,18297.15,15865.12,137343.0
2021-01-08,14.265,14.485,14.26,80,16818.14,14956.35,144784.0
2021-01-09,14.31,14.335,14.1765,81,14610.06,15909.07,146870.0
2021-01-10,14.165,14.344,14.04,82,17667.62,14851.72,145461.0
2021-01-11,14.32,14.3925,14.1825,83,16901.81,14290.09,145858.0
2021-01-12,14.25,14.449,14.18,84,15364.99,13397.68,144905.0
2022-01-01,14.38,14.4125,14.249,85,11973.77,12615.98,141344.0
2022-01-02,14.365,14.409,14.2465,86,11359.41,14718.48,141435.0
2022-01-03,14.368,14.42,14.255,87,13283.19,13269.69,139129.0
2022-01-04,14.495,14.5025,14.328,88,11950.61,14333.86,135659.0
2022-01-05,14.58,14.738,14.5025,89,13772.55,11661.38,135550.0
2022-01-06,14.895,14.8975,14.42,90,9991.57,13611.06,136379.0
2022-01-07,14.83,15.04,14.83,91,13889.81,15187.99,132173.0
2022-01-08,14.84,14.9925,14.659,92,13509.2,14580.22,132202.0
2022-01-09,15.225,15.28,14.815,93,12788.29,15252.56,130782.0
2022-01-10,15.595,15.6515,15.1565,94,14249.18,15334.74,130197.0
2022-01-11,15.73,15.7615,15.3925,95,15113.52,14864.55,133994.0
2022-01-12,15.565,15.765,15.365,96,15104.47,10581.88,137233.0
2023-01-01,14.985,15.643,14.884,97,10467.0,11316.73,139404.0
2023-01-02,15.245,15.3125,14.835,98,10175.63,11812.13,140311.0
2023-01-03,14.99,15.48,14.95,99,11301.71,11689.75,145189.0
2023-01-04,14.665,15.0125,14.6275,100,10813.62,11517.41,144167.0
2023-01-05,14.985,15.0185,14.565,101,11140.68,13206.12,139286.0
2023-01-06,14.99,15.0525,14.8195,102,12095.22,9649.5,137541.0
2023-01-07,15.075,15.222,14.913,103,9017.16,12753.92,137674.0
2023-01-08,15.225,15.3595,15.0185,104,12385.15,12579.75,137090.0
2023-01-09,15.45,15.5425,15.215,105,11297.51,12743.74,134856.0
2023-01-10,15.88,15.9675,15.4925,106,11507.18,13502.92,133140.0
2023-01-11,15.505,15.9535,15.3575,107,12669.43,13832.36,138100.0
2023-01-12,15.395,15.6775,15.38,108,12782.52,13244.88,146384.0
2024-01-01,15.775,15.8475,15.43,109,12612.65,12172.8,145052.0
2024-01-02,15.71,15.8025,15.5475,110,11510.11,13634.04,144040.0
2024-01-03,15.85,15.894,15.5575,111,12608.69,13104.6,140390.0
2024-01-04,16.255,16.29,15.8425,112,12626.28,12754.66,136218.0
2024-01-05,16.245,16.275,15.9125,113,11613.59,13514.1,138973.0
2024-01-06,16.37,16.4825,16.19,114,12978.09,11465.78,140177.0
2024-01-07,16.255,16.4275,16.096,115,10081.86,12726.04,145414.0
2024-01-08,15.45,16.2815,15.295,116,12399.25,12588.36,150243.0
2024-01-09,15.135,15.5835,15.065,117,11558.6,12121.74,149922.0
2024-01-10,15.69,15.7785,15.1675,118,11108.92,11122.18,151233.0
2024-01-11,15.84,15.9715,15.6175,119,11519.47,11917.11,150243.0
2024-01-12,16.09,16.3225,15.83,120,12077.3,,
