"Tanggal","Terakhir","Pembukaan","Tertinggi","Terendah","Vol.","Perubahan%"
"01/02/2025","10.281,44","10.155,48","10.303,53","10.006,21","","1,59%"
"01/01/2025","10.120,82","9.958,78","10.290,44","9.935,17","","1,67%"
"01/12/2024","9.954,88","10.325,40","10.369,77","9.944,30","","-3,46%"
"01/11/2024","10.311,84","10.331,24","10.525,14","10.209,90","","-0,13%"
"01/10/2024","10.325,59","10.463,26","10.684,63","10.262,96","","-1,30%"
"01/09/2024","10.461,31","10.466,91","10.562,05","10.197,11","","0,10%"
"01/08/2024","10.450,38","10.627,52","10.647,03","10.261,48","","-1,70%"
"01/07/2024","10.630,77","10.918,85","11.025,20","10.545,42","","-2,59%"
"01/06/2024","10.913,88","10.811,13","10.990,03","10.648,70","","1,00%"
"01/05/2024","10.806,17","10.523,47","10.845,25","10.511,28","","2,73%"
"01/04/2024","10.518,61","10.339,84","10.701,39","10.152,68","","1,77%"
"01/03/2024","10.335,79","10.213,96","10.410,40","10.187,74","","1,30%"
"01/02/2024","10.203,65","10.361,94","10.390,79","10.045,98","","-1,47%"
"01/01/2024","10.356,29","10.486,90","10.575,29","10.204,32","","-1,22%"
"01/12/2023","10.484,00","10.245,91","10.602,73","10.132,55","","2,39%"
"01/11/2023","10.239,50","10.064,74","10.306,72","9.942,50","","1,77%"
"01/10/2023","10.061,57","9.939,12","10.152,99","9.791,25","","1,22%"
"01/09/2023","9.940,53","9.872,08","10.049,62","9.679,03","","0,71%"
"01/08/2023","9.870,37","10.135,27","10.142,66","9.726,54","","-2,49%"
"01/07/2023","10.122,86","9.994,75","10.321,59","9.927,12","","1,31%"
"01/06/2023","9.992,33","9.748,00","10.316,91","9.719,52","","2,59%"
"01/05/2023","9.740,25","9.696,14","10.041,71","9.679,79","","0,44%"
"01/04/2023","9.697,96","10.032,08","10.171,37","9.641,86","","-3,22%"
"01/03/2023","10.020,82","10.261,73","10.373,22","10.000,58","","-2,30%"
"01/02/2023","10.256,84","10.578,45","10.719,86","10.222,84","","-2,97%"
"01/01/2023","10.570,42","10.607,70","10.826,72","10.377,21","","-0,32%"
"01/12/2022","10.604,43","10.673,82","10.794,72","10.342,34","","-0,66%"
"01/11/2022","10.674,38","9.981,62","10.699,78","9.844,07","","7,00%"
"01/10/2022","9.976,12","9.760,83","10.160,79","9.478,04","","2,35%"
"01/09/2022","9.747,05","10.154,50","10.273,53","9.680,67","","-3,96%"
"01/08/2022","10.149,08","10.356,79","10.574,74","10.144,11","","-2,02%"
"01/07/2022","10.358,76","10.283,75","10.527,92","10.016,49","","0,78%"
"01/06/2022","10.279,04","10.462,59","10.548,33","10.068,53","","-1,73%"
"01/05/2022","10.459,69","10.253,00","10.535,70","9.967,57","","2,17%"
"01/04/2022","10.237,82","10.752,33","10.993,00","10.226,91","","-4,74%"
"01/03/2022","10.747,26","10.432,59","10.830,76","10.266,33","","3,02%"
"01/02/2022","10.431,86","10.166,64","10.445,58","10.114,14","","2,70%"
"01/01/2022","10.158,03","10.350,17","10.455,68","10.023,77","","-1,81%"
"01/12/2021","10.345,50","10.206,21","10.382,46","10.067,45","","1,43%"
"01/11/2021","10.200,14","10.639,09","10.747,42","10.115,26","","-4,26%"
"01/10/2021","10.653,50","10.340,78","10.709,46","10.297,29","","3,03%"
"01/09/2021","10.340,41","10.438,11","10.666,21","10.247,00","","-0,91%"
"01/08/2021","10.434,85","10.617,64","10.648,13","10.262,50","","-1,74%"
"01/07/2021","10.619,42","10.872,10","10.992,22","10.589,44","","-2,29%"
"01/06/2021","10.868,35","11.045,58","11.101,28","10.746,04","","-1,53%"
"01/05/2021","11.037,43","11.147,93","11.235,16","10.914,33","","-0,94%"
"01/04/2021","11.141,90","11.034,64","11.343,54","10.968,96","","1,02%"
"01/03/2021","11.029,39","10.998,03","11.306,40","10.900,17","","0,52%"
"01/02/2021","10.971,92","10.725,95","11.277,97","10.607,11","","2,41%"
"01/01/2021","10.714,08","10.811,47","10.996,67","10.617,87","","-0,82%"
"01/12/2020","10.802,38","10.371,15","10.879,62","10.364,08","","4,38%"
"01/11/2020","10.349,11","10.286,50","10.534,02","10.185,06","","0,75%"
"01/10/2020","10.272,01","10.657,06","10.698,89","10.239,70","","-3,35%"
"01/09/2020","10.628,41","10.742,76","10.905,39","10.417,18","","-1,02%"
"01/08/2020","10.738,00","10.433,17","10.796,91","10.336,79","","3,48%"
"01/07/2020","10.377,33","9.840,24","10.556,84","9.809,34","","6,03%"
"01/06/2020","9.787,04","9.725,92","10.068,16","9.528,11","","0,73%"
"01/05/2020","9.715,70","9.685,12","9.863,16","9.477,62","","0,67%"
"01/04/2020","9.651,08","10.002,92","10.156,24","9.653,14","","-3,49%"
"01/03/2020","10.000,05","9.307,94","10.165,21","8.483,54","","7,14%"
"01/02/2020","9.333,91","9.135,88","9.385,42","9.052,74","","2,20%"
"01/01/2020","9.133,22","9.748,29","9.760,79","9.124,27","","-6,28%"
"01/12/2019","9.745,15","9.535,69","9.787,38","9.525,40","","2,18%"
"01/11/2019","9.537,24","9.677,11","9.718,92","9.524,55","","-1,40%"
"01/10/2019","9.672,26","9.581,63","9.719,18","9.468,07","","1,04%"
"01/09/2019","9.572,57","9.534,45","9.683,97","9.499,78","","0,22%"
"01/08/2019","9.551,65","9.594,63","9.763,82","9.506,75","","-0,40%"
"01/07/2019","9.589,81","9.927,39","9.948,94","9.575,71","","-3,29%"
"01/06/2019","9.915,75","9.898,29","10.026,04","9.761,99","","0,15%"
"01/05/2019","9.900,53","10.044,83","10.090,29","9.848,07","","-1,39%"
"01/04/2019","10.039,88","10.133,18","10.159,17","9.870,73","","-0,58%"
"01/03/2019","10.098,31","9.977,71","10.169,23","9.902,95","","1,24%"
"01/02/2019","9.974,16","10.162,20","10.171,29","9.866,68","","-1,86%"
"01/01/2019","10.163,18","10.135,03","10.278,87","9.792,76","","0,30%"
"01/12/2018","10.132,94","10.538,08","10.568,22","10.111,30","","-3,13%"
"01/11/2018","10.460,45","10.752,73","10.934,82","10.417,22","","-2,70%"
"01/10/2018","10.750,96","10.776,02","10.875,39","10.681,22","","-0,17%"
"01/09/2018","10.769,72","10.601,18","10.903,75","10.517,01","","1,72%"
"01/08/2018","10.587,28","10.709,74","10.766,92","10.492,93","","-1,10%"
"01/07/2018","10.704,58","10.597,76","10.808,08","10.511,78","","0,95%"
"01/06/2018","10.603,37","10.516,43","10.641,30","10.232,98","","0,88%"
"01/05/2018","10.510,56","10.477,50","10.771,38","10.395,42","","0,33%"
"01/04/2018","10.475,62","10.583,22","10.766,91","10.460,86","","-0,85%"
"01/03/2018","10.564,93","10.668,18","10.875,88","10.513,41","","-0,93%"
"01/02/2018","10.663,61","10.785,78","10.832,57","10.565,64","","-1,10%"
"01/01/2018","10.781,89","10.585,37","10.899,80","10.478,50","","1,89%"
"01/12/2017","10.582,06","10.235,80","10.617,93","10.160,63","","3,42%"
"01/11/2017","10.232,26","10.384,81","10.477,24","10.192,75","","-1,43%"
"01/10/2017","10.380,18","10.561,66","10.662,88","10.359,71","","-1,62%"
"01/09/2017","10.551,05","10.603,68","10.762,67","10.502,35","","-0,48%"
"01/08/2017","10.601,55","10.664,00","10.712,05","10.430,26","","-0,57%"
"01/07/2017","10.661,86","10.238,86","10.745,11","10.115,88","","4,10%"
"01/06/2017","10.241,60","9.897,29","10.280,83","9.807,93","","3,49%"
"01/05/2017","9.896,17","9.943,43","10.065,58","9.780,79","","-0,78%"
"01/04/2017","9.973,93","10.162,03","10.185,34","9.901,97","","-1,86%"
"01/03/2017","10.162,78","10.211,38","10.324,83","10.026,49","","-0,44%"
"01/02/2017","10.207,55","10.128,83","10.337,68","10.079,92","","0,85%"
"01/01/2017","10.121,03","9.739,95","10.158,58","9.650,36","","4,14%"
"01/12/2016","9.718,61","10.008,52","10.104,53","9.623,25","","-2,84%"
"01/11/2016","10.002,61","9.930,18","10.288,80","9.817,52","","0,76%"
"01/10/2016","9.927,46","9.994,46","10.063,25","9.794,56","","-0,59%"
"01/09/2016","9.986,17","9.974,50","10.111,34","9.799,79","","0,19%"
"01/08/2016","9.967,32","9.945,69","10.173,46","9.811,61","","0,20%"
"01/07/2016","9.947,17","9.844,63","10.049,27","9.722,89","","1,11%"
"01/06/2016","9.837,49","9.884,38","10.141,99","9.674,26","","-0,34%"
"01/05/2016","9.871,20","10.027,86","10.171,76","9.635,21","","-1,48%"
"01/04/2016","10.019,44","10.154,50","10.311,53","9.857,50","","-1,24%"
"01/03/2016","10.145,38","9.548,95","10.249,76","9.491,41","","6,33%"
"01/02/2016","9.541,36","9.763,72","9.897,72","9.380,59","","-2,16%"
"01/01/2016","9.751,91","10.037,30","10.085,21","9.484,39","","-2,76%"
"01/12/2015","10.028,59","9.999,25","10.253,47","9.749,44","","0,35%"
"01/11/2015","9.993,56","9.735,93","10.033,14","9.513,02","","2,39%"
"01/10/2015","9.759,85","10.286,50","10.395,90","9.540,72","","-5,03%"
"01/09/2015","10.276,40","9.993,76","10.521,45","9.766,77","","2,91%"
"01/08/2015","9.986,00","9.885,90","10.264,47","9.798,36","","1,11%"
"01/07/2015","9.875,96","10.275,36","10.318,96","9.759,73","","-3,83%"
"01/06/2015","10.269,43","10.108,42","10.444,42","10.045,13","","1,71%"
"01/05/2015","10.097,08","10.246,86","10.724,80","10.070,82","","-1,42%"
"01/04/2015","10.242,29","9.945,50","10.451,64","9.770,38","","3,04%"
"01/03/2015","9.939,74","10.131,91","10.331,87","9.918,74","","-1,48%"
"01/02/2015","10.089,23","9.797,68","10.174,66","9.636,65","","2,58%"
"01/01/2015","9.835,64","10.109,88","10.421,03","9.700,86","","-2,73%"
"01/12/2014","10.111,98","10.369,13","10.644,98","10.067,70","","-2,58%"
"01/11/2014","10.380,13","10.571,36","10.727,70","10.323,18","","-2,29%"
"01/10/2014","10.623,15","10.657,00","10.840,36","10.501,24","","-0,27%"
"01/09/2014","10.651,41","10.905,02","11.053,46","10.490,62","","-2,33%"
"01/08/2014","10.905,61","10.761,29","11.030,82","10.749,13","","1,36%"
"01/07/2014","10.758,96","11.184,60","11.306,79","10.741,61","","-3,68%"
"01/06/2014","11.169,84","10.875,26","11.426,58","10.850,75","","2,82%"
"01/05/2014","10.863,60","10.737,17","10.909,91","10.586,30","","1,25%"
"01/04/2014","10.729,29","10.523,91","10.857,21","10.397,05","","2,02%"
"01/03/2014","10.517,00","10.344,20","10.639,88","10.152,58","","1,54%"
"01/02/2014","10.357,73","10.686,80","10.990,62","10.348,26","","-3,05%"
"01/01/2014","10.683,04","10.849,55","10.995,18","10.547,28","","-1,43%"
"01/12/2013","10.838,21","10.897,24","10.989,65","10.696,58","","-0,48%"
"01/11/2013","10.891,01","10.662,66","10.995,54","10.644,06","","2,22%"
"01/10/2013","10.654,44","10.789,67","11.020,66","10.486,91","","-1,11%"
"01/09/2013","10.773,98","9.763,03","10.936,25","9.744,46","","11,01%"
"01/08/2013","9.705,54","9.233,83","9.842,90","9.100,17","","5,24%"
"01/07/2013","9.222,46","9.068,97","9.561,29","8.983,28","","1,76%"
"01/06/2013","9.062,91","9.439,93","9.603,51","9.043,66","","-3,27%"
"01/05/2013","9.369,03","10.083,69","10.098,44","9.340,97","","-7,04%"
"01/04/2013","10.078,67","10.121,75","10.270,14","9.936,86","","-0,41%"
"01/03/2013","10.120,12","9.871,75","10.239,33","9.812,52","","2,56%"
"01/02/2013","9.867,69","10.112,07","10.176,42","9.857,88","","-2,36%"
"01/01/2013","10.105,70","10.017,70","10.322,50","9.998,43","","0,98%"
"01/12/2012","10.007,50","10.008,91","10.202,62","9.969,57","","0,02%"
"01/11/2012","10.005,08","9.965,19","10.097,75","9.899,79","","0,48%"
"01/10/2012","9.957,12","9.923,13","10.007,21","9.729,85","","0,34%"
"01/09/2012","9.923,69","9.814,38","10.135,14","9.729,82","","0,93%"
"01/08/2012","9.832,10","9.909,22","10.060,90","9.801,98","","-0,75%"
"01/07/2012","9.906,34","9.695,23","9.996,72","9.538,04","","3,15%"
"01/06/2012","9.603,67","9.142,92","9.670,25","8.981,95","","5,15%"
"01/05/2012","9.133,65","9.582,01","9.587,99","8.971,09","","-4,63%"
"01/04/2012","9.577,57","9.536,59","9.626,86","9.335,75","","1,34%"
"01/03/2012","9.450,64","9.667,73","9.845,63","9.442,70","","-2,28%"
"01/02/2012","9.671,33","9.531,37","9.873,34","9.522,66","","1,48%"
"01/01/2012","9.530,47","9.256,60","9.610,20","9.229,61","","2,92%"
"01/12/2011","9.260,23","9.359,03","9.375,55","8.958,04","","-1,02%"
"01/11/2011","9.355,39","9.327,90","9.412,91","8.705,92","","0,33%"
"01/10/2011","9.324,36","8.488,50","9.534,75","8.359,57","","9,96%"
"01/09/2011","8.479,72","9.109,61","9.273,84","8.430,29","","-7,08%"
"01/08/2011","9.125,81","9.343,65","9.397,60","8.492,55","","-2,23%"
"01/07/2011","9.334,31","9.185,97","9.416,99","9.026,54","","1,60%"
"01/06/2011","9.187,68","9.091,70","9.241,02","8.955,75","","0,93%"
"01/05/2011","9.102,79","9.397,04","9.430,25","8.964,92","","-3,05%"
"01/04/2011","9.389,33","8.988,78","9.418,64","8.911,12","","4,45%"
"01/03/2011","8.989,65","8.979,37","9.033,17","8.517,46","","0,11%"
"01/02/2011","8.979,37","9.014,06","9.210,33","8.837,24","","-0,34%"
"01/01/2011","9.010,45","9.190,50","9.216,33","8.866,29","","-2,19%"
"01/12/2010","9.212,12","8.658,81","9.241,56","8.619,51","","6,53%"
"01/11/2010","8.647,07","8.799,19","9.067,26","8.621,50","","-1,59%"
"01/10/2010","8.786,68","8.614,94","8.926,96","8.532,04","","1,90%"
"01/09/2010","8.622,96","8.053,86","8.695,50","8.051,54","","7,23%"
"01/08/2010","8.041,21","8.091,54","8.243,96","7.872,40","","-0,52%"
"01/07/2010","8.083,10","7.599,86","8.177,06","7.537,47","","6,21%"
"01/06/2010","7.610,40","7.766,99","7.943,29","7.609,50","","-2,02%"
"01/05/2010","7.767,10","8.312,63","8.402,61","7.459,45","","-6,80%"
"01/04/2010","8.333,41","8.331,85","8.464,44","8.224,27","","-0,02%"
"01/03/2010","8.335,08","8.354,27","8.458,88","8.201,68","","-0,25%"
"01/02/2010","8.355,76","8.235,35","8.697,81","7.985,21","","1,02%"
"01/01/2010","8.271,01","8.455,10","8.620,73","8.258,86","","-2,21%"
"01/12/2009","8.457,52","8.654,69","8.796,51","8.257,40","","-2,30%"
"01/11/2009","8.656,52","8.566,05","8.831,52","8.422,41","","0,79%"
"01/10/2009","8.588,80","8.529,28","8.827,69","8.264,73","","0,76%"
"01/09/2009","8.524,25","8.502,65","8.671,05","8.300,05","","0,13%"
"01/08/2009","8.513,07","8.289,94","8.528,18","8.098,60","","2,68%"
"01/07/2009","8.290,85","8.225,82","8.306,72","7.845,26","","0,67%"
"01/06/2009","8.235,92","8.261,39","8.444,35","7.837,52","","-0,10%"
"01/05/2009","8.244,35","7.676,49","8.249,49","7.655,62","","7,33%"
"01/04/2009","7.681,53","7.983,78","8.309,68","7.456,47","","-3,94%"
"01/03/2009","7.996,64","7.665,16","8.268,49","7.548,10","","4,32%"
"01/02/2009","7.665,40","7.234,10","7.985,28","7.194,31","","6,03%"
"01/01/2009","7.229,15","7.630,24","7.929,14","7.173,14","","-6,26%"
"01/12/2008","7.712,31","7.840,26","8.014,65","7.095,99","","-2,00%"
"01/11/2008","7.869,78","7.269,73","8.083,57","7.198,69","","8,11%"
"01/10/2008","7.279,59","7.559,56","7.627,42","6.127,54","","-2,82%"
"01/09/2008","7.490,73","7.836,24","7.915,27","7.333,48","","-4,61%"
"01/08/2008","7.852,99","8.561,18","8.566,63","7.793,74","","-8,33%"
"01/07/2008","8.566,12","8.834,97","9.003,14","8.546,14","","-3,00%"
"01/06/2008","8.831,38","8.886,40","9.014,54","8.683,43","","-0,82%"
"01/05/2008","8.904,21","8.692,55","9.028,32","8.560,83","","2,44%"
"01/04/2008","8.692,19","8.402,36","8.791,67","8.300,92","","3,42%"
"01/03/2008","8.404,62","8.448,45","8.748,22","8.217,94","","-0,46%"
"01/02/2008","8.443,60","8.277,08","8.620,71","8.194,14","","1,96%"
"01/01/2008","8.281,62","8.209,68","8.513,92","8.076,09","","0,67%"
"01/12/2007","8.226,42","8.267,42","8.295,37","8.017,31","","-0,73%"
"01/11/2007","8.287,30","8.470,97","8.577,65","7.998,41","","-2,39%"
"01/10/2007","8.489,79","8.115,41","8.502,52","7.986,51","","4,54%"
"01/09/2007","8.121,22","7.657,22","8.128,53","7.655,34","","5,76%"
"01/08/2007","7.678,68","7.837,92","8.045,56","7.265,38","","-2,17%"
"01/07/2007","7.849,09","7.696,27","8.103,87","7.651,39","","2,36%"
"01/06/2007","7.668,46","7.300,21","7.729,33","7.275,41","","4,97%"
"01/05/2007","7.305,67","7.534,35","7.563,12","7.087,39","","-3,18%"
"01/04/2007","7.545,32","7.386,29","7.631,40","7.331,58","","2,27%"
"01/03/2007","7.378,02","7.187,39","7.416,32","7.094,68","","2,52%"
"01/02/2007","7.196,53","7.065,00","7.242,89","6.968,80","","1,81%"
"01/01/2007","7.068,43","7.079,17","7.212,96","6.982,50","","-0,43%"
"01/12/2006","7.099,02","7.227,24","7.271,43","7.057,26","","-1,78%"
"01/11/2006","7.227,98","7.027,38","7.247,63","6.943,06","","2,64%"
"01/10/2006","7.041,94","6.848,39","7.052,71","6.805,97","","2,49%"
"01/09/2006","6.871,07","6.946,03","7.040,72","6.832,50","","-1,35%"
"01/08/2006","6.964,93","6.953,66","7.014,86","6.852,53","","-0,06%"
"01/07/2006","6.969,05","6.884,44","7.001,55","6.727,77","","1,35%"
"01/06/2006","6.875,93","6.948,54","7.067,99","6.775,73","","-1,26%"
"01/05/2006","6.963,47","6.653,80","7.189,30","6.617,94","","4,61%"
"01/04/2006","6.656,40","6.492,83","6.697,41","6.396,39","","2,27%"
"01/03/2006","6.508,57","6.814,84","6.917,89","6.349,18","","-4,56%"
"01/02/2006","6.819,39","7.095,82","7.108,85","6.768,96","","-4,09%"
"01/01/2006","7.110,42","7.202,44","7.232,90","6.987,10","","-1,34%"
"01/12/2005","7.206,87","7.383,38","7.507,57","7.101,82","","-2,63%"
"01/11/2005","7.401,46","7.567,03","7.624,55","7.234,59","","-2,31%"
"01/10/2005","7.576,18","7.845,10","7.948,06","7.386,12","","-3,37%"
"01/09/2005","7.840,36","7.678,06","8.073,33","7.094,86","","0,83%"
"01/08/2005","7.776,01","7.406,84","8.599,49","7.394,08","","4,80%"
"01/07/2005","7.419,93","7.441,11","7.521,76","7.210,76","","-0,32%"
"01/06/2005","7.443,47","7.186,15","7.542,66","7.140,83","","3,47%"
"01/05/2005","7.194,18","7.457,15","7.467,09","7.092,32","","-3,75%"
"01/04/2005","7.474,18","7.312,66","7.670,89","7.222,01","","2,16%"
"01/03/2005","7.315,88","7.323,88","7.500,51","7.204,04","","-0,35%"
"01/02/2005","7.341,66","7.101,47","7.366,25","7.042,30","","3,33%"
"01/01/2005","7.105,17","7.234,31","7.300,00","6.865,25","","-2,14%"
"01/12/2004","7.260,31","6.951,34","7.293,56","6.866,16","","4,49%"
"01/11/2004","6.948,00","6.798,20","7.130,18","6.733,69","","2,13%"
"01/10/2004","6.803,36","6.641,66","6.838,24","6.501,57","","2,20%"
"01/09/2004","6.656,72","6.598,80","6.666,78","6.235,34","","0,85%"
"01/08/2004","6.600,81","6.433,36","6.719,43","6.386,11","","2,76%"
"01/07/2004","6.423,63","6.559,85","6.598,30","6.330,51","","-2,12%"
"01/06/2004","6.562,88","6.625,53","6.790,97","6.367,04","","-0,98%"
"01/05/2004","6.627,66","6.282,14","6.691,02","6.100,70","","4,70%"
"01/04/2004","6.330,37","6.561,15","6.666,43","6.194,87","","-3,59%"
"01/03/2004","6.566,07","6.529,32","6.576,62","6.253,99","","0,34%"
"01/02/2004","6.543,75","6.453,54","6.728,70","6.391,80","","1,28%"
"01/01/2004","6.461,03","6.330,21","6.583,19","6.305,54","","2,03%"
"01/12/2003","6.332,46","6.151,45","6.366,65","6.145,50","","2,80%"
"01/11/2003","6.159,75","6.006,81","6.205,79","5.927,60","","2,36%"
"01/10/2003","6.017,65","5.705,20","6.079,08","5.653,90","","5,34%"
"01/09/2003","5.712,38","5.484,02","5.790,48","5.362,79","","3,97%"
"01/08/2003","5.494,46","5.509,70","5.650,98","5.380,33","","-0,45%"
"01/07/2003","5.519,16","5.551,36","5.758,44","5.310,09","","-0,71%"
"01/06/2003","5.558,44","5.394,17","5.565,03","5.331,75","","2,25%"
"01/05/2003","5.435,99","5.428,91","5.576,98","5.323,86","","0,00%"
"01/04/2003","5.436,11","5.378,84","5.464,97","5.259,33","","1,07%"
"01/03/2003","5.378,73","5.394,32","5.487,74","5.238,60","","-0,52%"
"01/02/2003","5.406,94","5.200,20","5.418,51","5.165,25","","3,77%"
"01/01/2003","5.210,68","5.026,07","5.285,82","4.998,61","","3,75%"
"01/12/2002","5.022,30","5.026,79","5.077,28","4.963,08","","-0,22%"
"01/11/2002","5.033,24","5.116,93","5.227,45","4.949,01","","-1,74%"
"01/10/2002","5.122,19","4.873,48","5.166,75","4.860,54","","4,97%"
"01/09/2002","4.879,69","4.864,85","4.990,16","4.778,89","","0,04%"
"01/08/2002","4.877,78","4.908,72","4.952,00","4.685,63","","-0,96%"
"01/07/2002","4.925,20","4.898,10","5.120,62","4.768,58","","0,31%"
"01/06/2002","4.910,22","4.930,47","5.204,24","4.815,46","","-0,49%"
"01/05/2002","4.934,53","5.014,16","5.110,05","4.902,09","","-1,79%"
"01/04/2002","5.024,68","5.222,42","5.242,88","4.934,58","","-4,15%"
"01/03/2002","5.242,14","5.248,46","5.307,82","4.969,61","","-0,27%"
"01/02/2002","5.256,18","5.233,91","5.314,09","5.145,42","","0,34%"
"01/01/2002","5.238,48","5.326,11","5.493,78","5.178,96","","-1,40%"
"01/12/2001","5.312,85","5.452,81","5.525,75","5.094,43","","-2,72%"
"01/11/2001","5.461,16","5.256,35","5.625,36","5.249,04","","3,60%"
"01/10/2001","5.271,55","4.774,79","5.321,71","4.732,36","","10,54%"
"01/09/2001","4.768,82","4.672,80","4.825,07","4.509,51","","1,63%"
"01/08/2001","4.692,25","4.899,78","5.007,59","4.226,98","","-3,11%"
"01/07/2001","4.842,63","5.815,18","5.943,23","4.701,76","","-16,87%"
"01/06/2001","5.825,42","5.622,15","5.965,05","5.558,84","","3,52%"
"01/05/2001","5.627,59","5.919,38","6.145,02","5.466,63","","-5,31%"
"01/04/2001","5.943,27","5.066,89","6.281,01","4.975,85","","17,55%"
"01/03/2001","5.056,14","5.161,71","5.388,59","4.838,75","","-2,61%"
"01/02/2001","5.191,47","5.176,58","5.369,34","4.966,00","","-0,29%"
"01/01/2001","5.206,49","5.302,25","5.492,32","5.066,76","","-3,69%"
"01/12/2000","5.405,92","5.019,80","5.436,74","4.950,19","","7,32%"
"01/11/2000","5.037,09","4.826,70","5.051,89","4.714,94","","3,50%"
"01/10/2000","4.866,78","4.754,93","4.956,72","4.563,68","","2,36%"
"01/09/2000","4.754,49","4.784,12","4.918,55","4.605,66","","-1,01%"
"01/08/2000","4.803,11","5.169,12","5.248,68","4.575,05","","-7,30%"
"01/07/2000","5.181,41","5.213,56","5.661,93","5.081,20","","-0,87%"
"01/06/2000","5.226,66","4.940,67","5.286,21","4.731,38","","5,61%"
"01/05/2000","4.948,84","4.636,67","5.078,36","4.584,40","","6,96%"
"01/04/2000","4.627,02","4.587,41","4.784,00","4.484,70","","0,61%"
"01/03/2000","4.599,15","4.569,50","4.695,10","4.420,88","","0,00%"
"01/02/2000","4.598,93","4.726,54","4.905,36","4.509,70","","-3,00%"