"Date","Price","Open","High","Low","Vol.","Change %"
"02/01/2025","4,458.84","4,434.91","4,483.39","4,427.08","","0.51%"
"01/01/2025","4,436.00","4,382.00","4,463.00","4,381.50","","1.28%"
"12/01/2024","4,380.00","4,313.50","4,444.00","4,310.00","","1.58%"
"11/01/2024","4,312.00","4,273.00","4,344.00","4,252.00","","0.96%"
"10/01/2024","4,271.00","4,122.00","4,296.00","4,121.50","","3.67%"
"09/01/2024","4,120.00","4,207.50","4,243.00","4,101.50","","-2.04%"
"08/01/2024","4,206.00","4,427.00","4,433.00","4,164.50","","-4.95%"
"07/01/2024","4,425.00","4,458.50","4,472.50","4,383.00","","-0.72%"
"06/01/2024","4,457.00","4,424.50","4,487.50","4,408.00","","0.77%"
"05/01/2024","4,423.00","4,427.50","4,431.00","4,332.00","","-0.05%"
"04/01/2024","4,425.00","4,316.50","4,435.50","4,313.00","","2.55%"
"03/01/2024","4,315.00","4,278.50","4,328.00","4,235.50","","0.89%"
"02/01/2024","4,277.00","4,296.00","4,302.50","4,233.00","","-0.40%"
"01/01/2024","4,294.00","4,192.00","4,314.50","4,192.00","","2.46%"
"12/01/2023","4,191.00","4,223.50","4,269.00","4,187.50","","-0.71%"
"11/01/2023","4,221.00","4,325.00","4,343.50","4,181.50","","-2.36%"
"10/01/2023","4,323.00","4,208.00","4,347.50","4,207.50","","2.78%"
"09/01/2023","4,206.00","4,146.50","4,231.50","4,142.50","","1.50%"
"08/01/2023","4,144.00","4,105.50","4,182.00","4,088.50","","0.97%"
"07/01/2023","4,104.00","4,082.00","4,144.50","4,060.00","","0.56%"
"06/01/2023","4,081.00","4,081.50","4,098.50","4,035.00","","0.05%"
"05/01/2023","4,079.00","3,995.00","4,089.00","3,966.00","","2.15%"
"04/01/2023","3,993.00","4,082.50","4,087.50","3,983.50","","-2.16%"
"03/01/2023","4,081.00","4,152.00","4,214.50","4,070.00","","-1.66%"
"02/01/2023","4,150.00","4,081.00","4,169.00","4,043.00","","1.74%"
"01/01/2023","4,079.00","4,239.00","4,259.00","4,052.00","","-3.75%"
"12/01/2022","4,238.00","4,283.00","4,292.00","4,181.50","","-1.03%"
"11/01/2022","4,282.00","4,246.50","4,292.00","4,190.50","","0.87%"
"10/01/2022","4,245.00","4,146.00","4,261.00","4,126.00","","2.41%"
"09/01/2022","4,145.00","4,041.00","4,160.50","4,033.50","","2.60%"
"08/01/2022","4,040.00","4,038.00","4,082.00","3,990.50","","0.07%"
"07/01/2022","4,037.00","4,056.00","4,094.50","4,037.50","","-0.44%"
"06/01/2022","4,055.00","3,969.50","4,056.00","3,926.00","","2.17%"
"05/01/2022","3,969.00","3,947.00","4,012.50","3,945.50","","0.58%"
"04/01/2022","3,946.00","3,912.00","3,948.50","3,901.00","","0.89%"
"03/01/2022","3,911.00","3,911.00","3,926.00","3,881.00","","0.03%"
"02/01/2022","3,910.00","3,916.00","3,923.00","3,878.50","","-0.13%"
"01/01/2022","3,915.00","3,880.50","3,923.50","3,878.00","","0.93%"
"12/01/2021","3,879.00","3,899.00","3,934.00","3,860.50","","-0.49%"
"11/01/2021","3,898.00","3,857.00","3,918.50","3,857.00","","1.09%"
"10/01/2021","3,856.00","3,896.50","3,905.00","3,822.50","","-1.03%"
"09/01/2021","3,896.00","3,884.50","3,902.50","3,862.00","","0.33%"
"08/01/2021","3,883.00","3,937.00","3,943.50","3,882.00","","-1.35%"
"07/01/2021","3,936.00","3,947.50","3,967.50","3,929.50","","-0.25%"
"06/01/2021","3,946.00","3,887.50","3,964.00","3,861.00","","1.54%"
"05/01/2021","3,886.00","3,932.50","3,942.00","3,849.50","","-1.14%"
"04/01/2021","3,931.00","3,954.50","3,985.50","3,927.00","","-0.56%"
"03/01/2021","3,953.00","3,882.00","3,970.00","3,875.00","","1.99%"
"02/01/2021","3,876.00","3,819.50","3,886.50","3,775.00","","1.55%"
"01/01/2021","3,817.00","3,825.00","3,871.00","3,774.00","","-0.13%"
"12/01/2020","3,822.00","3,844.50","3,886.00","3,825.00","","-0.36%"
"11/01/2020","3,836.00","3,981.50","4,006.50","3,809.50","","-3.62%"
"10/01/2020","3,980.00","4,051.00","4,058.50","3,975.50","","-1.49%"
"09/01/2020","4,040.00","3,965.00","4,077.00","3,957.00","","1.92%"
"08/01/2020","3,964.00","3,975.00","4,051.50","3,938.00","","0.23%"
"07/01/2020","3,955.00","3,881.00","4,045.50","3,878.00","","2.46%"
"06/01/2020","3,860.00","3,977.50","3,983.00","3,770.00","","-2.72%"
"05/01/2020","3,968.00","4,050.00","4,125.00","3,976.50","","-1.68%"
"04/01/2020","4,036.00","4,440.50","4,512.50","4,044.50","","-9.06%"
"03/01/2020","4,438.00","3,906.00","4,530.50","3,837.50","","13.68%"
"02/01/2020","3,904.00","3,717.50","3,906.50","3,702.50","","5.06%"
"01/01/2020","3,716.00","3,779.50","3,803.50","3,694.50","","-1.64%"
"12/01/2019","3,778.00","3,840.50","3,847.50","3,774.00","","-1.56%"
"11/01/2019","3,838.00","3,821.50","3,844.00","3,803.00","","0.47%"
"10/01/2019","3,820.00","3,864.50","3,871.00","3,807.50","","-1.11%"
"09/01/2019","3,863.00","3,862.00","3,875.50","3,789.00","","0.08%"
"08/01/2019","3,860.00","3,816.00","3,909.50","3,816.00","","1.21%"
"07/01/2019","3,814.00","3,846.50","3,857.50","3,781.00","","-0.81%"
"06/01/2019","3,845.00","3,886.50","3,908.00","3,833.00","","-1.03%"
"05/01/2019","3,885.00","3,879.50","3,955.50","3,867.50","","0.18%"
"04/01/2019","3,878.00","3,877.00","3,883.50","3,810.00","","0.08%"
"03/01/2019","3,875.00","3,829.00","3,904.50","3,829.00","","1.23%"
"02/01/2019","3,828.00","3,804.00","3,855.00","3,781.00","","0.66%"
"01/01/2019","3,803.00","3,915.00","3,945.50","3,800.50","","-2.81%"
"12/01/2018","3,913.00","3,894.00","3,990.00","3,868.50","","0.51%"
"11/01/2018","3,893.00","4,139.00","4,141.50","3,882.00","","-5.92%"
"10/01/2018","4,138.00","4,057.00","4,157.50","4,054.00","","2.02%"
"09/01/2018","4,056.00","4,010.00","4,070.00","4,010.00","","1.20%"
"08/01/2018","4,008.00","3,926.00","4,011.50","3,918.50","","2.14%"
"07/01/2018","3,924.00","3,901.50","3,965.50","3,881.00","","0.62%"
"06/01/2018","3,900.00","3,783.00","3,924.50","3,766.50","","3.15%"
"05/01/2018","3,781.00","3,788.00","3,869.00","3,777.00","","-0.16%"
"04/01/2018","3,787.00","3,748.00","3,795.00","3,740.50","","1.09%"
"03/01/2018","3,746.00","3,742.50","3,758.50","3,729.50","","0.16%"
"02/01/2018","3,740.00","3,645.00","3,745.00","3,644.50","","2.63%"
"01/01/2018","3,644.00","3,694.00","3,694.00","3,612.00","","-1.33%"
"12/01/2017","3,693.00","3,682.50","3,701.50","3,678.50","","0.30%"
"11/01/2017","3,682.00","3,692.50","3,702.00","3,667.00","","-0.27%"
"10/01/2017","3,692.00","3,668.00","3,714.50","3,664.00","","0.68%"
"09/01/2017","3,667.00","3,632.50","3,690.50","3,577.50","","0.96%"
"08/01/2017","3,632.00","3,627.50","3,643.50","3,621.50","","0.14%"
"07/01/2017","3,627.00","3,628.50","3,652.00","3,620.00","","0.00%"
"06/01/2017","3,627.00","3,627.50","3,632.50","3,613.50","","0.03%"
"05/01/2017","3,626.00","3,629.00","3,653.50","3,617.00","","-0.06%"
"04/01/2017","3,628.00","3,628.00","3,634.00","3,607.00","","0.03%"
"03/01/2017","3,627.00","3,631.00","3,647.50","3,617.50","","-0.06%"
"02/01/2017","3,629.00","3,635.50","3,645.00","3,618.50","","-0.11%"
"01/01/2017","3,633.00","3,668.00","3,675.00","3,613.00","","-0.93%"
"12/01/2016","3,667.00","3,690.00","3,700.50","3,614.50","","-0.60%"
"11/01/2016","3,689.00","3,552.50","3,699.50","3,541.00","","3.86%"
"10/01/2016","3,552.00","3,553.00","3,561.50","3,527.00","","0.00%"
"09/01/2016","3,552.00","3,612.00","3,617.00","3,517.50","","-1.63%"
"08/01/2016","3,611.00","3,566.50","3,623.00","3,556.50","","1.29%"
"07/01/2016","3,565.00","3,597.50","3,597.50","3,558.50","","-0.86%"
"06/01/2016","3,596.00","3,719.00","3,757.00","3,578.00","","-3.26%"
"05/01/2016","3,717.00","3,589.50","3,729.00","3,577.50","","3.60%"
"04/01/2016","3,588.00","3,610.00","3,610.50","3,562.50","","-0.55%"
"03/01/2016","3,608.00","3,640.50","3,659.50","3,532.50","","-0.85%"
"02/01/2016","3,639.00","3,750.50","3,764.50","3,620.50","","-2.93%"
"01/01/2016","3,749.00","3,754.00","3,808.00","3,744.50","","-0.11%"
"12/01/2015","3,753.00","3,766.50","3,838.00","3,690.50","","-0.32%"
"11/01/2015","3,765.00","3,727.00","3,770.50","3,656.50","","1.13%"
"10/01/2015","3,723.00","3,989.00","4,004.50","3,600.00","","-6.62%"
"09/01/2015","3,987.00","3,825.50","4,013.50","3,824.50","","4.26%"
"08/01/2015","3,824.00","3,683.00","3,849.50","3,668.50","","3.86%"
"07/01/2015","3,682.00","3,630.00","3,684.00","3,615.50","","1.46%"
"06/01/2015","3,629.00","3,600.50","3,645.50","3,591.50","","0.83%"
"05/01/2015","3,599.00","3,529.00","3,606.00","3,529.00","","2.01%"
"04/01/2015","3,528.00","3,559.50","3,562.00","3,486.50","","-0.84%"
"03/01/2015","3,558.00","3,519.00","3,607.00","3,511.50","","1.17%"
"02/01/2015","3,517.00","3,448.50","3,524.50","3,427.00","","2.00%"
"01/01/2015","3,448.00","3,371.50","3,473.00","3,371.50","","2.31%"
"12/01/2014","3,370.00","3,322.50","3,523.00","3,322.50","","1.48%"
"11/01/2014","3,321.00","3,290.50","3,329.00","3,288.50","","0.97%"
"10/01/2014","3,289.00","3,317.50","3,336.00","3,257.50","","-0.81%"
"09/01/2014","3,316.00","3,182.50","3,337.00","3,182.50","","4.24%"
"08/01/2014","3,181.00","3,152.00","3,229.00","3,152.00","","0.95%"
"07/01/2014","3,151.00","3,228.00","3,271.00","3,125.50","","-2.29%"
"06/01/2014","3,225.00","3,192.00","3,297.50","3,189.50","","1.51%"
"05/01/2014","3,177.00","3,148.00","3,178.50","3,087.50","","0.95%"
"04/01/2014","3,147.00","3,092.50","3,175.00","3,065.50","","1.81%"
"03/01/2014","3,091.00","3,160.50","3,178.00","3,062.50","","-2.15%"
"02/01/2014","3,159.00","3,332.50","3,338.00","3,152.00","","-4.94%"
"01/01/2014","3,323.00","3,313.50","3,351.00","3,272.50","","0.36%"
"12/01/2013","3,311.00","3,257.00","3,351.50","3,184.50","","1.72%"
"11/01/2013","3,255.00","3,069.00","3,274.00","3,069.00","","6.13%"
"10/01/2013","3,067.00","3,153.00","3,165.00","2,973.50","","-2.63%"
"09/01/2013","3,150.00","2,973.00","3,180.00","2,972.00","","6.06%"
"08/01/2013","2,970.00","2,798.00","2,983.00","2,798.00","","6.22%"
"07/01/2013","2,796.00","2,702.50","2,802.00","2,702.00","","3.56%"
"06/01/2013","2,700.00","2,666.50","2,715.50","2,663.50","","1.31%"
"05/01/2013","2,665.00","2,647.00","2,672.50","2,644.50","","0.72%"
"04/01/2013","2,646.00","2,645.50","2,661.50","2,633.50","","0.04%"
"03/01/2013","2,645.00","2,631.00","2,666.50","2,631.00","","0.57%"
"02/01/2013","2,630.00","2,640.00","2,662.00","2,614.50","","-0.30%"
"01/01/2013","2,638.00","2,623.50","2,667.00","2,618.00","","0.61%"
"12/01/2012","2,622.00","2,611.50","2,652.00","2,611.00","","0.46%"
"11/01/2012","2,610.00","2,615.00","2,625.00","2,609.00","","-0.15%"
"10/01/2012","2,614.00","2,605.50","2,623.00","2,605.50","","0.38%"
"09/01/2012","2,604.00","2,596.00","2,612.50","2,572.00","","0.39%"
"08/01/2012","2,594.00","2,571.50","2,609.00","2,570.50","","0.93%"
"07/01/2012","2,570.00","2,572.50","2,599.00","2,533.50","","0.59%"
"06/01/2012","2,555.00","2,559.00","2,587.50","2,530.50","","-0.04%"
"05/01/2012","2,556.00","2,502.00","2,617.00","2,490.50","","2.20%"
"04/01/2012","2,501.00","2,494.00","2,504.50","2,473.50","","0.52%"
"03/01/2012","2,488.00","2,453.00","2,507.50","2,456.00","","1.43%"
"02/01/2012","2,453.00","2,444.00","2,499.50","2,415.00","","0.33%"
"01/01/2012","2,445.00","2,467.00","2,508.00","2,416.50","","-0.85%"
"12/01/2011","2,466.00","2,479.00","2,502.00","2,448.50","","-0.52%"
"11/01/2011","2,479.00","2,409.00","2,513.50","2,410.00","","2.91%"
"10/01/2011","2,409.00","2,390.00","2,443.50","2,392.50","","0.79%"
"09/01/2011","2,390.00","2,322.00","2,481.50","2,323.00","","2.93%"
"08/01/2011","2,322.00","2,313.00","2,338.00","2,302.50","","0.39%"
"07/01/2011","2,313.00","2,334.00","2,335.50","2,310.00","","-0.90%"
"06/01/2011","2,334.00","2,323.00","2,349.00","2,315.00","","0.47%"
"05/01/2011","2,323.00","2,325.00","2,343.50","2,321.50","","-0.34%"
"04/01/2011","2,331.00","2,368.00","2,371.50","2,331.00","","-1.65%"
"03/01/2011","2,370.00","2,400.00","2,407.50","2,369.00","","-1.29%"
"02/01/2011","2,401.00","2,462.00","2,463.50","2,396.50","","-2.48%"
"01/01/2011","2,462.00","2,445.00","2,475.50","2,438.50","","0.41%"
"12/01/2010","2,452.00","2,458.00","2,466.50","2,443.00","","-0.24%"
"11/01/2010","2,458.00","2,430.00","2,462.50","2,419.00","","1.03%"
"10/01/2010","2,433.00","2,428.00","2,440.00","2,424.00","","0.21%"
"09/01/2010","2,428.00","2,458.00","2,466.00","2,427.00","","-1.22%"
"08/01/2010","2,458.00","2,434.00","2,469.00","2,417.00","","0.99%"
"07/01/2010","2,434.00","2,470.00","2,479.00","2,432.00","","-1.32%"
"06/01/2010","2,466.50","2,504.00","2,532.50","2,449.00","","-1.26%"
"05/01/2010","2,498.00","2,457.00","2,556.00","2,453.00","","1.79%"
"04/01/2010","2,454.00","2,473.00","2,490.00","2,423.00","","-0.85%"
"03/01/2010","2,475.00","2,482.00","2,492.00","2,450.00","","-2.61%"
"02/01/2010","2,541.45","2,545.60","2,566.02","2,523.96","","-0.16%"
"01/01/2010","2,545.60","2,570.29","2,581.92","2,485.84","","-0.96%"